topic,sentiment_mean,sentiment_std,subjectivity_mean,subjectivity_std,counting
Causes,0.001654092738441787,1.009498761395152,0.1457906934055975,1.1301969606400613,86.0
Hazard,0.010625192254590294,0.9874498123380225,-0.030141672889022336,0.9789169314513428,914.0
Impacts,0.07605712783931255,0.9554842953964539,0.0772921517381233,0.9769821935729235,245.0
Mitigation,-0.27987915702777544,0.9135722857965981,-0.04074160645012238,0.8849603838994062,102.0
