topic,sentiment_mean,sentiment_std,subjectivity_mean,subjectivity_std,counting
Causes,0.07669343252357241,0.9191624893980918,0.17476987063642324,1.0957545402645188,159.0
Hazard,0.004147740348359786,0.9957224621394248,-0.037383497250514486,0.9663901905546695,2341.0
Impacts,0.04730834595395557,1.0196191513061446,0.1291573623764299,1.1013951923176368,529.0
Mitigation,-0.1916571315770828,0.9015006995866431,-0.03554230769028084,0.865223990004114,234.0
