topic,sentiment_mean,sentiment_std,subjectivity_mean,subjectivity_std,counting
Causes,-0.040786262857686995,1.0157245659342096,0.07772905249834022,1.051176227186037,39.0
Hazard,0.0012716460309900109,0.9826193239348745,-0.016431775564519,1.0046030442006675,534.0
Impacts,0.08497130853920339,0.9641079382505584,0.025946401395549164,0.9186600514870024,184.0
Mitigation,-0.2296840963590463,0.9525347665722065,0.02304721268987804,0.9281789787237885,64.0
