week,sentiment_mean,sentiment_std,subjectivity_mean,subjectivity_std,counting
2024-50,-0.38190879537970135,0.9664659532382067,-0.04681518295311177,0.7256978457286956,5.0
2024-51,0.21701953121502118,1.1232617725329301,0.07841576825185094,0.8180962169490628,15.0
2024-52,-0.002065150597135604,1.0912431029390794,-0.1870913411947983,0.5754228312464894,22.0
2024-53,-1.192400888660119,1.0,-0.2693888367140339,1.0,1.0
2025-00,0.11793347663857798,0.9972185261683357,-0.10118715097110446,0.886505168999148,113.0
2025-01,-0.053152089289717805,0.941561648223161,0.030363459984026477,1.0465047241487848,132.0
2025-02,-0.08631700979894955,0.9401819315682017,0.19426550959760647,1.110423817150545,78.0
2025-03,0.06871773047202634,0.8361042109550878,-0.47174041908605313,0.2540677616293627,8.0
