topic,sentiment_mean,sentiment_std,subjectivity_mean,subjectivity_std,counting
Causes,0.07073170348218405,0.9247593986177239,0.204875188316296,1.1159431270152875,152.0
Hazard,0.003898636696766946,0.9962054675131636,-0.04007058327311189,0.9650007227975909,2299.0
Impacts,0.04824873769307744,1.0169681523430683,0.1271615658738062,1.098629033135033,528.0
Mitigation,-0.19345418533791175,0.8959782953916933,-0.02445299058890206,0.8701924349213265,228.0
