topic,sentiment_mean,sentiment_std,subjectivity_mean,subjectivity_std,counting
Causes,-0.17709830600693924,0.5144593619147115,-0.28867513459481287,0.408248290463863,3.0
Hazard,-0.14509088732562775,0.9179685758103738,0.0012981300599860508,1.0028211083530754,40.0
Impacts,0.8874200807012239,0.7241500699492156,0.2932709102093419,0.9659777267376284,7.0
Mitigation,-0.0053636495767712955,0.8391105445622055,-0.2721867478721879,0.0,4.0
