topic,sentiment_mean,sentiment_std,subjectivity_mean,subjectivity_std,counting
Causes,-0.028472222222222232,0.1640094895252131,0.0,0.0,2.0
Hazard,-0.016387355725100555,1.0187689858796172,0.025124004122247464,1.040509611153216,25.0
Impacts,0.20484194656375687,1.0,-0.2889260474058461,1.0,1.0
Mitigation,0.20484194656375687,1.0,-0.2889260474058461,1.0,1.0
