topic,sentiment_mean,sentiment_std,subjectivity_mean,subjectivity_std,counting
Causes,0.07048755254240899,0.9236971725205657,0.19967595225595003,1.1084079969702092,153.0
Hazard,0.003775567464193632,0.9954610713208549,-0.038463080608191404,0.9663500171198057,2319.0
Impacts,0.049070562229248826,1.019375657552904,0.1283536846361938,1.099970538857341,529.0
Mitigation,-0.18981515429970588,0.9022989990236131,-0.03693659847263242,0.864095166343793,234.0
