topic,sentiment_mean,sentiment_std,subjectivity_mean,subjectivity_std,counting
Causes,0.011507289128508147,1.0044596056685744,0.22570320325893126,1.2028368755765892,89.0
Hazard,0.015663149538683873,0.9910237949563101,-0.031693425679708384,0.9744937783294483,1028.0
Impacts,0.04219592475483577,0.964129346464032,0.06964847349293606,0.9865562694669526,273.0
Mitigation,-0.2367046547586085,0.901256286439831,-0.05379169561623585,0.8564800133341333,119.0
