domain,sentiment_mean,sentiment_std,subjectivity_mean,subjectivity_std,counting
www.zeit.de,-0.02194444444444444,0.22173799716270368,0.023015873015873017,0.08910518592790408,42.0
www.stern.de,-0.060102040816326516,0.28690432908953906,0.09285714285714286,0.16438920136009397,7.0
www.faz.net,-0.03888888888888889,0.1214305166355244,0.027777777777777776,0.048112522432468816,3.0
www.focus.de,0.09166666666666665,0.20034692133618845,0.16666666666666666,0.0,2.0
www.n-tv.de,0.16875,0.11490485194281398,0.0,0.0,2.0
www.tagesschau.de,-0.2,0.28284271247461906,0.2,0.28284271247461906,2.0
www.bild.de,0.0,1.0,0.0,1.0,1.0
www.diepresse.com,0.0,1.0,0.0,1.0,1.0
www.nzz.ch,0.0,1.0,0.0,1.0,1.0
