topic,sentiment_mean,sentiment_std,subjectivity_mean,subjectivity_std,counting
Causes,0.04616983610714093,0.9540735507325874,0.21407645168726322,1.1248301757627224,128.0
Hazard,0.003806087925402874,0.9965344781279394,-0.03917804951921901,0.9720241926085064,1937.0
Impacts,0.055451008011627397,0.9933526466778072,0.11841203806017585,1.0556131880797028,450.0
Mitigation,-0.19646960167582947,0.9123524762694722,-0.025136136790387117,0.8832902532209972,191.0
