topic,sentiment_mean,sentiment_std,subjectivity_mean,subjectivity_std,counting
Causes,0.03805000469344531,0.9520683322563259,0.2444164789770859,1.15421000254132,124.0
Hazard,0.010153919123200069,0.9959298229006369,-0.043000795092142594,0.9652736699101412,1590.0
Impacts,0.04727936634372073,0.9789089931019106,0.1198361258239367,1.0626063840691429,394.0
Mitigation,-0.23045016366110738,0.929617116640998,-0.05466413530734485,0.8486725207258377,170.0
