week,sentiment_mean,sentiment_std,subjectivity_mean,subjectivity_std,counting
2024-50,-0.36135496869789524,0.9917840188865258,-0.055939353525371285,0.7250276049466271,5.0
2024-51,0.18416583778391074,1.1585866930585413,0.14789882591878944,0.8313942202276116,14.0
2024-52,0.14811203064868436,0.9525913353966828,-0.1191197594985921,0.6718561246442258,19.0
2024-53,-1.1880323929833172,1.0,-0.2606226981991672,1.0,1.0
2025-00,0.11097690902441634,0.9737036567469772,-0.08586702584700147,0.8393718896924808,106.0
2025-01,-0.09515450569637186,0.9520473502390168,0.03745643198344706,1.0317976806495905,115.0
2025-02,-0.07807179301941933,0.9228880269711095,0.14631681462338042,1.266558700590716,40.0
