topic,sentiment_mean,sentiment_std,subjectivity_mean,subjectivity_std,counting
Causes,0.006943947686004615,0.9402987320009434,-0.10089211481742714,0.8535570981797405,32.0
Hazard,0.009119960545479932,0.9778119838798972,-0.011494709074643113,1.0105808474727629,457.0
Impacts,0.08415470916201111,1.0014280582747315,0.045379410522171634,0.9306843632944048,159.0
Mitigation,-0.33508215881121817,0.8665299931115796,0.03121295811145468,0.9212433499931393,54.0
