topic,sentiment_mean,sentiment_std,subjectivity_mean,subjectivity_std,counting
Causes,-0.007922943989266242,0.9710700223287427,0.1944599825844653,1.1714122054876297,99.0
Hazard,0.013502123124216593,0.9989047671733139,-0.03393009638122383,0.9745402673966803,1263.0
Impacts,0.046651797831107907,0.9605037149750525,0.10297836087450159,1.0131603172485257,325.0
Mitigation,-0.21743760633668904,0.90046674803976,-0.06713983027835252,0.8614940050537838,142.0
