domain,sentiment_mean,sentiment_std,subjectivity_mean,subjectivity_std,counting
www.zeit.de,-0.04786666666666666,0.23367609744798146,0.032,0.11075498483890767,25.0
www.focus.de,0.09166666666666665,0.20034692133618845,0.16666666666666666,0.0,2.0
www.diepresse.com,0.0,1.0,0.0,1.0,1.0
www.n-tv.de,0.0,1.0,0.0,1.0,1.0
