topic,sentiment_mean,sentiment_std,subjectivity_mean,subjectivity_std,counting
Causes,-0.02598738084740773,0.9787562685961685,0.19984213417764862,1.162543765419572,99.0
Hazard,0.022337108840457164,0.9944145112285605,-0.035659795412152806,0.9743396996587408,1140.0
Impacts,0.02710336588005267,0.9582283171224234,0.09240608954203153,0.9991095075025654,299.0
Mitigation,-0.2276186883810724,0.9251925064790321,-0.04907911210413607,0.8784092925743984,133.0
