topic,sentiment_mean,sentiment_std,subjectivity_mean,subjectivity_std,counting
Causes,0.07714369083839394,0.9427813910991009,0.2055965987093329,1.126624801853035,137.0
Hazard,0.00500367786016979,0.9954737045900992,-0.036946884801658295,0.9733140365889725,2156.0
Impacts,0.035668685123748524,1.0072001928089755,0.10789406512756797,1.0551458547269348,497.0
Mitigation,-0.1767431516069862,0.9113584447589929,-0.010115935033898625,0.8933954299734438,215.0
