topic,sentiment_mean,sentiment_std,subjectivity_mean,subjectivity_std,counting
Causes,0.0461483403656363,0.9981105128780392,-0.008390542868245086,1.0033632608727583,36.0
Hazard,0.0025019554903201132,0.9770258002588258,-0.012506925411030913,1.0055799025504533,517.0
Impacts,0.06729299515196831,0.9779123219282335,0.03172926455575613,0.923248374785572,179.0
Mitigation,-0.24559619420205497,0.9636565109258965,0.025460509844280457,0.9234809640196029,62.0
