keyword,sentiment_mean,sentiment_std,subjectivity_mean,subjectivity_std,counting
'Eis Unfälle',0.20484194656375687,1.0,-0.2889260474058461,1.0,1.0
'Frost',-0.21701454134563292,0.8008033051045471,-0.2889260474058461,1.0,3.0
'Glätte',-0.026790576908325266,1.0684286281363344,0.05503353283920874,1.0863352261629393,21.0
'Kälteeinbruch',-0.028472222222222232,0.1640094895252131,0.0,0.0,2.0
'Schnee Wetterdienst',0.20484194656375687,1.0,-0.2889260474058461,1.0,1.0
'Schneefall',0.8039618459842157,1.0,-0.2889260474058461,1.0,1.0
