topic,sentiment_mean,sentiment_std,subjectivity_mean,subjectivity_std,counting
Causes,0.06851332930251858,1.018540150651118,-0.11694057884940831,0.8560326567763594,33.0
Hazard,-0.0035302659843668457,0.9711363938216765,-0.014341626054418515,1.0119658802021534,481.0
Impacts,0.0734079049585791,0.9795429617771199,0.04208714027686872,0.9230748469047136,175.0
Mitigation,-0.24093113719409692,0.9876004148157926,0.06612617377916727,0.9404606855522536,57.0
