domain,sentiment_mean,sentiment_std,subjectivity_mean,subjectivity_std,counting
www.zeit.de,-0.02714912280701754,0.2207844694859145,0.02543859649122807,0.09346008462973884,38.0
www.stern.de,0.03607142857142859,0.33624653856044007,0.1,0.2,4.0
www.faz.net,-0.03888888888888889,0.1214305166355244,0.027777777777777776,0.048112522432468816,3.0
www.focus.de,0.09166666666666665,0.20034692133618845,0.16666666666666666,0.0,2.0
www.n-tv.de,0.16875,0.11490485194281398,0.0,0.0,2.0
www.tagesschau.de,-0.2,0.28284271247461906,0.2,0.28284271247461906,2.0
www.bild.de,0.0,1.0,0.0,1.0,1.0
www.diepresse.com,0.0,1.0,0.0,1.0,1.0
www.nzz.ch,0.0,1.0,0.0,1.0,1.0
