week,sentiment_mean,sentiment_std,subjectivity_mean,subjectivity_std,counting
2024-50,-1.5925177516976194,1.0,-0.2889260474058461,1.0,1.0
2024-51,2.7724986583657234,1.0,-0.2889260474058461,1.0,1.0
2025-00,0.007493971782667345,0.7132334803397284,-0.26266004309622376,0.08711448103687532,12.0
2025-01,-0.08845686750030378,0.8058666009196865,0.24765089777643948,1.3050089103495557,15.0
