topic,sentiment_mean,sentiment_std,subjectivity_mean,subjectivity_std,counting
Causes,0.07161846019232702,0.920331458566716,0.17372439952135113,1.0892926632685054,161.0
Hazard,0.0034126109428568247,0.9954265431959465,-0.037317084883970855,0.9682705793628416,2354.0
Impacts,0.050187468651170124,1.0204331734565573,0.1260826101371596,1.0964924287031965,529.0
Mitigation,-0.19212214444694833,0.90068124809891,-0.028946521706313958,0.8686621843792934,235.0
