week,sentiment_mean,sentiment_std,subjectivity_mean,subjectivity_std,counting
2024-50,-0.39102385402256995,0.9742106756654005,0.01304125715445843,0.9177843958802354,5.0
2024-51,0.17305027139969492,1.14231604178343,0.06315237554640765,0.7643508458455813,14.0
2024-52,0.09753648906462895,0.904888416223457,-0.1442616331506439,0.744931985014769,17.0
2024-53,-1.1805996593634691,1.0,-0.24127567447776185,1.0,1.0
2025-00,0.06388384682434099,0.8947367230100095,-0.11029910410688801,0.7411299229843804,90.0
2025-01,-0.0767834299925896,1.0126842667652154,0.11441672887473588,1.2374984844399233,79.0
2025-02,-0.2433012183596637,1.3102306804482373,0.6961088633322882,1.187123803981331,4.0
