topic,sentiment_mean,sentiment_std,subjectivity_mean,subjectivity_std,counting
Causes,0.2731429721445004,0.9083406816848729,-0.2652859436891628,0.5650440012288396,20.0
Hazard,-0.005225609043265684,0.9711184531875479,-0.022556469478964142,0.9616275664278326,284.0
Impacts,0.018851013995037354,1.0648286665214464,0.08331024617795212,1.0772996604686749,102.0
Mitigation,-0.16874383847259453,0.701954506310566,0.10238245543172922,0.9285043277071963,35.0
