topic,sentiment_mean,sentiment_std,subjectivity_mean,subjectivity_std,counting
Causes,-0.02933456243273286,0.9766851071487399,-0.11810459102050962,0.8335331836382741,30.0
Hazard,0.022764800416279946,0.9692717602566195,-0.0021118638191970633,1.0259523492497342,377.0
Impacts,0.05917081410887182,1.0052511885010893,0.024433535845767494,0.8918744440602229,143.0
Mitigation,-0.3446434454149743,0.8825972185105705,0.023287436535451102,0.9179616047983487,49.0
