week,sentiment_mean,sentiment_std,subjectivity_mean,subjectivity_std,counting
2024-50,-1.7951616802215278,1.0,-0.25830003917499705,1.0,1.0
2024-51,1.108372712449728,1.4704325515611836,-0.2785501027882076,0.28920733417496114,3.0
2024-52,0.60233449003834,0.4600199102074764,-0.25830003917499705,0.0,3.0
2025-00,-0.12463286926909149,0.6937132235879664,-0.15549456145380317,0.4200027169530773,28.0
2025-01,0.00031984491720928363,1.0183992163644968,0.23185064666182545,1.339117115073078,26.0
