topic,sentiment_mean,sentiment_std,subjectivity_mean,subjectivity_std,counting
Causes,0.13880940807352693,0.9833506370428005,-0.2596785225120167,0.5367616733066302,22.0
Hazard,0.01428866336666259,0.9638253144403067,-0.01443230451563049,0.9663166874869291,300.0
Impacts,0.005334430785769472,1.0377605852483678,0.06320217325849048,1.0576097830162952,111.0
Mitigation,-0.22577402475534852,0.7752280943854226,0.09457614162496508,0.9180070575950734,37.0
