topic,sentiment_mean,sentiment_std,subjectivity_mean,subjectivity_std,counting
Causes,0.07673005896246368,0.941259897993073,0.19599054918123215,1.1202345172266144,138.0
Hazard,0.002568500674487207,0.9937233119460946,-0.037633162880233766,0.9708004080880603,2187.0
Impacts,0.04851679654449924,1.0163943551938996,0.11478764021247066,1.0721560795748675,506.0
Mitigation,-0.18034661134283858,0.9082316786172852,-0.013022589342952908,0.8810263107849842,220.0
