topic,sentiment_mean,sentiment_std,subjectivity_mean,subjectivity_std,counting
Causes,0.26586146207733835,0.8899088872486735,-0.2302695758838872,0.5929661542108309,18.0
Hazard,-3.032364691192419e-05,0.9651014473474039,-0.034250657733796645,0.9336147977580622,232.0
Impacts,0.03170891041836788,1.0707069415608272,0.09690595010711071,1.112129067787809,96.0
Mitigation,-0.2834074592430813,0.6283572205811181,0.10859979328204412,0.9523181533999523,28.0
