topic,sentiment_mean,sentiment_std,subjectivity_mean,subjectivity_std,counting
Causes,-0.0002416936244197855,1.0066284711158309,0.21254033452389381,1.1981797925929492,88.0
Hazard,0.01534966565226785,0.9883652600650316,-0.03539107081260027,0.9685367256139605,991.0
Impacts,0.044544861286907704,0.9577633146101515,0.07564086460238575,0.9930173113045894,264.0
Mitigation,-0.2414553909290196,0.9279716274999453,-0.03492863669055757,0.8759931688527719,110.0
