topic,sentiment_mean,sentiment_std,subjectivity_mean,subjectivity_std,counting
Causes,-0.05584180576873658,0.9801894696323545,0.18961556352826056,1.1507908515606875,80.0
Hazard,0.012577394139088852,0.9865128581589497,-0.03524781913052979,0.9739651215963683,874.0
Impacts,0.07998160168548174,0.9633400732839834,0.079343096549147,0.9802129736585348,234.0
Mitigation,-0.26632624011018374,0.9228329049144547,-0.03454733581746893,0.8895625253223052,95.0
