topic,sentiment_mean,sentiment_std,subjectivity_mean,subjectivity_std,counting
Causes,0.23471238737739805,0.8399632641851322,-0.12450412240940723,0.708977249885117,16.0
Hazard,-0.0015902670060029174,0.9805385902533815,-0.03806012405158357,0.9324539332980905,190.0
Impacts,0.040842990459933504,1.031856153525729,0.12380264719514487,1.1169808315933032,71.0
Mitigation,-0.27206714060858866,0.6684273070846065,0.04090033852660412,0.9351071388289551,23.0
