topic,sentiment_mean,sentiment_std,subjectivity_mean,subjectivity_std,counting
Causes,0.06930401137315645,0.9256788602741083,0.20125980257240073,1.1082726830685645,152.0
Hazard,0.003842400971462962,0.9954371048552609,-0.03827520894403801,0.9665193920932413,2314.0
Impacts,0.049113619462554284,1.0190074489795777,0.12746106718009645,1.099536207981574,529.0
Mitigation,-0.18942213164002855,0.9018773349070616,-0.03776878398378586,0.8635480216741199,234.0
