week,sentiment_mean,sentiment_std,subjectivity_mean,subjectivity_std,counting
2024-50,-1.7793410836718537,1.0,-0.2721867478721879,1.0,1.0
2024-51,1.12026846424354,1.491019602756276,-0.2831790056872712,0.2888320543711142,3.0
2024-52,0.867967115743242,0.22749086677795102,-0.2721867478721879,1.0,2.0
2025-00,-0.14231398443975685,0.7016168627142012,-0.20327710551511835,0.35543437667949446,27.0
2025-01,0.01812545689922569,0.9698551729982923,0.3309347646770646,1.3804922031397826,21.0
