topic,sentiment_mean,sentiment_std,subjectivity_mean,subjectivity_std,counting
Causes,0.19292585508828994,0.859331391583572,-0.09282024759591512,0.8822686369365627,13.0
Hazard,-0.004547055180419641,1.0084037648444149,-0.048511899877198,0.9309763848177945,141.0
Impacts,0.12496784298652137,0.9782924517060345,0.23909045423508507,1.2101538232240672,35.0
Mitigation,-0.3135819183181566,0.5999262213800599,-0.0079816233115705,0.830583114109411,21.0
