topic,sentiment_mean,sentiment_std,subjectivity_mean,subjectivity_std,counting
Causes,-0.07056870689935457,1.001925198519138,0.1550380545310392,1.1297163943560704,77.0
Hazard,0.01944631073252795,0.9833612716852803,-0.03272198890277356,0.9756771117435399,830.0
Impacts,0.06252803153972313,0.9790742583167072,0.08124820180836459,0.9742992537470299,225.0
Mitigation,-0.2790500513841078,0.8741877709615927,-0.037131088352032014,0.9013383685352847,89.0
