topic,sentiment_mean,sentiment_std,subjectivity_mean,subjectivity_std,counting
Causes,-0.17709830600693924,0.5144593619147115,-0.28867513459481287,0.408248290463863,3.0
Hazard,-0.1095577364586271,0.9329804153354533,-0.007848066927403701,1.0017345619412914,44.0
Impacts,0.6094380218901958,1.003323654418018,0.3309859940816374,1.0056818908843033,9.0
Mitigation,-0.055510263851159494,0.7260245702207058,-0.31961234593107546,0.13709848576391093,5.0
