week,sentiment_mean,sentiment_std,subjectivity_mean,subjectivity_std,counting
2024-50,-0.3839126958899322,0.984883118761659,-0.00892104220555041,0.765938458093287,5.0
2024-51,0.21990558691014025,1.0995707886712356,0.048831687439423836,0.8197217471291822,15.0
2024-52,-0.014362939082059123,1.1107342803130875,-0.2201219164421636,0.5072826705015204,22.0
2024-53,-1.2258361338132475,1.0,-0.2612705811089118,1.0,1.0
2025-00,0.06786829226285496,0.9984227728616114,-0.1062064569354843,0.8765863106314198,119.0
2025-01,-0.02974029696583751,0.9375001447012169,0.04446891864893608,1.0701583656679228,152.0
2025-02,-0.12857826386856547,0.9219651663631818,0.1237848494890557,1.092829427366409,93.0
2025-03,0.3890193844949201,0.9220673444749212,-0.34462565157090674,0.30590098470790805,21.0
2025-04,0.03007121922173024,1.144843412433965,0.49817994180082026,1.1073282120121435,13.0
