topic,sentiment_mean,sentiment_std,subjectivity_mean,subjectivity_std,counting
Causes,0.07927672212640371,0.9210029426846322,0.1716142056793605,1.0921854579246753,159.0
Hazard,0.003535634302002611,0.9952470257070879,-0.036824417269753607,0.9683160277603383,2348.0
Impacts,0.04864925809698322,1.0202983862194337,0.1253345001844112,1.0959955899718443,529.0
Mitigation,-0.1938761181158883,0.9011239914979627,-0.029644979889023027,0.8680425960161311,235.0
