topic,sentiment_mean,sentiment_std,subjectivity_mean,subjectivity_std,counting
Causes,0.07090374476481666,0.920605507440943,0.17289915190232694,1.0884432805549853,161.0
Hazard,0.003567090452783995,0.9954746961583357,-0.037173228696699125,0.9683786957298567,2352.0
Impacts,0.04976240598445536,1.0201523320462054,0.1256876565594373,1.0964046046905136,529.0
Mitigation,-0.1921913967529988,0.9007014835271782,-0.029248511700050103,0.8684249537531392,235.0
