topic,sentiment_mean,sentiment_std,subjectivity_mean,subjectivity_std,counting
Causes,0.0017799684368501468,0.9605025604555798,0.22552589413883883,1.1720389457741778,105.0
Hazard,0.011794111835900685,1.0025297639205353,-0.04378742139013306,0.9680001179300796,1365.0
Impacts,0.048478448717605004,0.9573948806394437,0.12343350103386876,1.0288268631646693,352.0
Mitigation,-0.21721314613774062,0.8938088914577926,-0.048127058046511524,0.8801948697327093,151.0
