topic,sentiment_mean,sentiment_std,subjectivity_mean,subjectivity_std,counting
Causes,0.004149026673690322,0.9875720132827891,0.22242122885721435,1.1987848579791776,93.0
Hazard,0.017109154594351167,0.9907332484163325,-0.032171267334748246,0.9746223232746314,1050.0
Impacts,0.03628682345122719,0.9688011072200815,0.07781873370096858,0.9907383500787319,276.0
Mitigation,-0.22673280550618383,0.9146057257813144,-0.06691409271010607,0.8478392121644803,123.0
