topic,sentiment_mean,sentiment_std,subjectivity_mean,subjectivity_std,counting
Causes,0.026942168830038273,0.9614420731585943,0.22320893869726136,1.1674212427438044,109.0
Hazard,0.011040023833187827,1.0034646538014025,-0.0454584803055352,0.9670131688591385,1473.0
Impacts,0.0443299367828039,0.9542345873597677,0.13493697108155356,1.0459910394649787,366.0
Mitigation,-0.2207997588486354,0.89434014156105,-0.04344061386353662,0.8601434390037596,159.0
