topic,sentiment_mean,sentiment_std,subjectivity_mean,subjectivity_std,counting
Causes,0.05699226848674422,0.9181869160399945,0.192014838221978,1.101592110970761,155.0
Hazard,0.00522012149256749,0.9959507485337344,-0.03810276773647999,0.9658733587280831,2337.0
Impacts,0.04856391857002775,1.0188202843233074,0.12849544174237396,1.1014740279054838,529.0
Mitigation,-0.19076466477550622,0.9011304808558834,-0.03593267027759889,0.8650019041620648,234.0
