topic,sentiment_mean,sentiment_std,subjectivity_mean,subjectivity_std,counting
Causes,0.04108380070895172,0.9506506510769634,0.22323695302174412,1.134158766241671,128.0
Hazard,0.004886601638302007,0.9997192253396804,-0.03962956827195316,0.9727270524664207,1836.0
Impacts,0.053128686739878986,0.978757990118097,0.1220350608582645,1.0533849197488385,428.0
Mitigation,-0.1970428910332425,0.9116305505666082,-0.04514793322064456,0.8585888095379951,184.0
