topic,sentiment_mean,sentiment_std,subjectivity_mean,subjectivity_std,counting
Causes,0.08476887790183833,0.948946424010827,0.19489473711774097,1.1269003198168202,135.0
Hazard,0.0006641054362639028,0.9929908378485938,-0.038340377219587704,0.9711988460694868,2097.0
Impacts,0.04956747681767195,1.0135842699791056,0.11382991404549492,1.0587955382596306,490.0
Mitigation,-0.17166188752244585,0.9135094835662603,-0.008321985409095269,0.8984494369675744,210.0
