topic,sentiment_mean,sentiment_std,subjectivity_mean,subjectivity_std,counting
Causes,0.05913551204690505,0.9476755642931755,0.22184904587620066,1.145969016807433,132.0
Hazard,0.0034487129834218917,0.992636433681757,-0.03890348687164763,0.9714219797091661,2020.0
Impacts,0.041058204562595166,1.0108745907238967,0.11569317352266506,1.0488199843015389,469.0
Mitigation,-0.1674749832358157,0.9248262099049323,-0.02511080700972987,0.8977354266423697,199.0
