topic,sentiment_mean,sentiment_std,subjectivity_mean,subjectivity_std,counting
Causes,0.0009637217765497332,0.9420792414136036,-0.10828777778500413,0.8461651144734145,32.0
Hazard,0.007385022176093929,0.9692803913479332,-0.004691969024002852,1.019463200408754,422.0
Impacts,0.08811381891619609,1.0158218336810352,0.0320154160826605,0.9056026426942789,154.0
Mitigation,-0.3374797885079656,0.8901136429066202,0.016208431293464994,0.9268160401304378,50.0
