topic,sentiment_mean,sentiment_std,subjectivity_mean,subjectivity_std,counting
Causes,0.07033780801474836,0.9202171586588811,0.17270354786370348,1.0885721627184854,161.0
Hazard,0.0036864902233258207,0.9955710074947148,-0.03713344988082925,0.968364382336323,2351.0
Impacts,0.04956664012869844,1.0198676308499124,0.12555928904547933,1.0963696365252158,529.0
Mitigation,-0.1925412989491416,0.900585841783204,-0.029381688917836293,0.8685035895678835,235.0
