topic,sentiment_mean,sentiment_std,subjectivity_mean,subjectivity_std,counting
Causes,-0.053876195235246435,1.004947284184387,0.16374356387913003,1.123152687938743,76.0
Hazard,0.014289288719938122,0.9821826678090492,-0.03666793244543421,0.974029024681256,812.0
Impacts,0.07027702692478749,0.9802023167351406,0.08803703223096003,0.9795103292736718,221.0
Mitigation,-0.2724267583692526,0.887958086173514,-0.028327678086952007,0.9113333246912678,86.0
