topic,sentiment_mean,sentiment_std,subjectivity_mean,subjectivity_std,counting
Causes,0.013938453359414594,0.9633782587271202,0.22629125755116597,1.1403588588489255,127.0
Hazard,0.011487751299797852,0.9961235223145151,-0.040993490538892854,0.9713237340522495,1725.0
Impacts,0.04011475245927681,0.9816625240444568,0.12201397213003513,1.0551763006933117,418.0
Mitigation,-0.216121471179025,0.9254758210268047,-0.052069253822602406,0.8409055980680635,176.0
