topic,sentiment_mean,sentiment_std,subjectivity_mean,subjectivity_std,counting
Causes,-0.0004572735716106792,0.9989896965327826,-0.1441587917439154,0.8138297429338593,26.0
Hazard,0.013443081460424082,0.9642473607042241,-0.018740842615441032,1.0095178970541403,323.0
Impacts,0.04372621625105299,1.0258576171566862,0.054126151629395804,0.9283062691717274,137.0
Mitigation,-0.24645080213758208,0.832746108046099,0.06585970755200762,0.9369734132839901,43.0
