topic,sentiment_mean,sentiment_std,subjectivity_mean,subjectivity_std,counting
Causes,0.07797221150568143,0.920052259179967,0.17313253099575143,1.093863945145231,159.0
Hazard,0.0034911598979708415,0.9953338602023993,-0.036489455665454716,0.9684549049095991,2346.0
Impacts,0.04783871238610422,1.0200374452118621,0.12659960050246089,1.0967679779015695,529.0
Mitigation,-0.19151013938388645,0.9017701113470946,-0.03727270429531046,0.8611758884612909,234.0
